{
    "source_train_shape": [
        1257,
        8,
        8
    ],
    "target_test_shape": [
        540,
        8,
        8
    ],
    "pca_source_shape": [
        1257,
        40
    ],
    "mmd_before_adaptation": 0.05291984197052316,
    "mmd_after_adaptation": 0.018878457843591753,
    "baseline_accuracy_on_target": 0.6351851851851852,
    "adapted_accuracy_on_target": 0.5703703703703704,
    "baseline_report": {
        "0": {
            "precision": 0.7777777777777778,
            "recall": 0.12962962962962962,
            "f1-score": 0.2222222222222222,
            "support": 54.0
        },
        "1": {
            "precision": 0.5652173913043478,
            "recall": 0.9454545454545454,
            "f1-score": 0.7074829931972789,
            "support": 55.0
        },
        "2": {
            "precision": 0.75,
            "recall": 0.8490566037735849,
            "f1-score": 0.7964601769911505,
            "support": 53.0
        },
        "3": {
            "precision": 0.65,
            "recall": 0.4727272727272727,
            "f1-score": 0.5473684210526316,
            "support": 55.0
        },
        "4": {
            "precision": 0.975609756097561,
            "recall": 0.7407407407407407,
            "f1-score": 0.8421052631578947,
            "support": 54.0
        },
        "5": {
            "precision": 1.0,
            "recall": 0.16363636363636364,
            "f1-score": 0.28125,
            "support": 55.0
        },
        "6": {
            "precision": 0.4666666666666667,
            "recall": 0.9074074074074074,
            "f1-score": 0.6163522012578616,
            "support": 54.0
        },
        "7": {
            "precision": 0.85,
            "recall": 0.9444444444444444,
            "f1-score": 0.8947368421052632,
            "support": 54.0
        },
        "8": {
            "precision": 0.8,
            "recall": 0.3076923076923077,
            "f1-score": 0.4444444444444444,
            "support": 52.0
        },
        "9": {
            "precision": 0.46153846153846156,
            "recall": 0.8888888888888888,
            "f1-score": 0.6075949367088608,
            "support": 54.0
        },
        "accuracy": 0.6351851851851852,
        "macro avg": {
            "precision": 0.7296810053384815,
            "recall": 0.6349678204395184,
            "f1-score": 0.5960017501137608,
            "support": 540.0
        },
        "weighted avg": {
            "precision": 0.729431407914971,
            "recall": 0.6351851851851852,
            "f1-score": 0.5957253655737049,
            "support": 540.0
        }
    },
    "adapted_report": {
        "0": {
            "precision": 0.23636363636363636,
            "recall": 0.24074074074074073,
            "f1-score": 0.23853211009174313,
            "support": 54.0
        },
        "1": {
            "precision": 0.5079365079365079,
            "recall": 0.5818181818181818,
            "f1-score": 0.5423728813559322,
            "support": 55.0
        },
        "2": {
            "precision": 0.5492957746478874,
            "recall": 0.7358490566037735,
            "f1-score": 0.6290322580645161,
            "support": 53.0
        },
        "3": {
            "precision": 0.5172413793103449,
            "recall": 0.5454545454545454,
            "f1-score": 0.5309734513274337,
            "support": 55.0
        },
        "4": {
            "precision": 0.9210526315789473,
            "recall": 0.6481481481481481,
            "f1-score": 0.7608695652173914,
            "support": 54.0
        },
        "5": {
            "precision": 0.6875,
            "recall": 0.6,
            "f1-score": 0.6407766990291263,
            "support": 55.0
        },
        "6": {
            "precision": 0.4117647058823529,
            "recall": 0.5185185185185185,
            "f1-score": 0.45901639344262296,
            "support": 54.0
        },
        "7": {
            "precision": 0.9111111111111111,
            "recall": 0.7592592592592593,
            "f1-score": 0.8282828282828283,
            "support": 54.0
        },
        "8": {
            "precision": 0.5897435897435898,
            "recall": 0.4423076923076923,
            "f1-score": 0.5054945054945055,
            "support": 52.0
        },
        "9": {
            "precision": 0.6181818181818182,
            "recall": 0.6296296296296297,
            "f1-score": 0.6238532110091743,
            "support": 54.0
        },
        "accuracy": 0.5703703703703704,
        "macro avg": {
            "precision": 0.5950191154756196,
            "recall": 0.5701725772480489,
            "f1-score": 0.5759203903315273,
            "support": 540.0
        },
        "weighted avg": {
            "precision": 0.5949892912776785,
            "recall": 0.5703703703703704,
            "f1-score": 0.5760576158179328,
            "support": 540.0
        }
    },
    "logreg_baseline": 0.40185185185185185,
    "logreg_adapted": 0.4777777777777778,
    "svm_baseline": 0.5518518518518518,
    "svm_adapted": 0.55
}