classifier,baseline_accuracy,adapted_accuracy
KNN,0.6351851851851852,0.5703703703703704
LogisticRegression,0.40185185185185185,0.4777777777777778
SVM,0.5518518518518518,0.55
