n_components,k,gamma,mmd_before,mmd_after,baseline_accuracy,adapted_accuracy
40,1,0.5,0.05291984197052316,0.018878457843591753,0.6351851851851852,0.5703703703703704
40,3,0.5,0.05291984197052316,0.018878457843591753,0.5722222222222222,0.5444444444444444
40,5,0.5,0.05291984197052316,0.018878457843591753,0.5648148148148148,0.5388888888888889
40,7,0.5,0.05291984197052316,0.018878457843591753,0.5740740740740741,0.5388888888888889
40,9,0.5,0.05291984197052316,0.018878457843591753,0.5648148148148148,0.5222222222222223
